{
  "pure": {
    "atoms": 438,
    "bonds": 173,
    "angles": 241,
    "masses": {
      "1": 40.08,
      "2": 28.1,
      "3": 15.999,
      "4": 0.4,
      "5": 15.999,
      "6": 15.999,
      "7": 1.008,
      "8": 1.008
    },
    "charge": 4.440892098500626e-15,
    "core_shell": {
      "n": 119,
      "min": 0.04999999999999716,
      "mean": 0.050000000000000176,
      "max": 0.05000000000000071,
      "types": [
        1
      ]
    },
    "oh": {
      "n": 38,
      "min": 0.9999999999999991,
      "mean": 1.0,
      "max": 1.0000000000000009,
      "types": [
        1
      ]
    },
    "bad": [],
    "zn_angles": []
  },
  "q1": {
    "atoms": 438,
    "bonds": 173,
    "angles": 243,
    "masses": {
      "1": 40.08,
      "2": 28.1,
      "3": 15.999,
      "4": 0.4,
      "5": 15.999,
      "6": 15.999,
      "7": 1.008,
      "8": 1.008,
      "9": 65.38
    },
    "charge": 4.440892098500626e-15,
    "core_shell": {
      "n": 117,
      "min": 0.04999999999999716,
      "mean": 0.05000000000000016,
      "max": 0.05000000000000071,
      "types": [
        1
      ]
    },
    "oh": {
      "n": 40,
      "min": 0.9999996567889409,
      "mean": 0.9999999851862977,
      "max": 1.0000000000000009,
      "types": [
        1
      ]
    },
    "bad": [],
    "zn_angles": [
      [
        210,
        4,
        385,
        384,
        387
      ],
      [
        211,
        4,
        385,
        384,
        389
      ],
      [
        212,
        4,
        385,
        384,
        391
      ],
      [
        213,
        4,
        387,
        384,
        389
      ],
      [
        214,
        4,
        387,
        384,
        391
      ],
      [
        215,
        4,
        389,
        384,
        391
      ],
      [
        242,
        5,
        384,
        385,
        386
      ],
      [
        243,
        5,
        384,
        387,
        388
      ]
    ]
  },
  "q2b": {
    "atoms": 438,
    "bonds": 173,
    "angles": 243,
    "masses": {
      "1": 40.08,
      "2": 28.1,
      "3": 15.999,
      "4": 0.4,
      "5": 15.999,
      "6": 15.999,
      "7": 1.008,
      "8": 1.008,
      "9": 65.38
    },
    "charge": 4.440892098500626e-15,
    "core_shell": {
      "n": 117,
      "min": 0.04999999999999716,
      "mean": 0.050000000000000176,
      "max": 0.05000000000000071,
      "types": [
        1
      ]
    },
    "oh": {
      "n": 40,
      "min": 0.9999997936189791,
      "mean": 0.9999999922693869,
      "max": 1.0000000000000009,
      "types": [
        1
      ]
    },
    "bad": [],
    "zn_angles": [
      [
        83,
        4,
        146,
        145,
        148
      ],
      [
        84,
        4,
        146,
        145,
        160
      ],
      [
        85,
        4,
        146,
        145,
        143
      ],
      [
        86,
        4,
        148,
        145,
        160
      ],
      [
        87,
        4,
        148,
        145,
        143
      ],
      [
        88,
        4,
        160,
        145,
        143
      ],
      [
        242,
        5,
        145,
        146,
        147
      ],
      [
        243,
        5,
        145,
        148,
        149
      ]
    ]
  },
  "mixed": {
    "atoms": 438,
    "bonds": 173,
    "angles": 243,
    "masses": {
      "1": 40.08,
      "2": 28.1,
      "3": 15.999,
      "4": 0.4,
      "5": 15.999,
      "6": 15.999,
      "7": 1.008,
      "8": 1.008,
      "9": 65.38
    },
    "charge": 4.440892098500626e-15,
    "core_shell": {
      "n": 117,
      "min": 0.04999999999999716,
      "mean": 0.05000000000000016,
      "max": 0.05000000000000071,
      "types": [
        1
      ]
    },
    "oh": {
      "n": 40,
      "min": 0.9999996226184288,
      "mean": 1.0000000086583292,
      "max": 1.0000007237147386,
      "types": [
        1
      ]
    },
    "bad": [],
    "zn_angles": [
      [
        153,
        4,
        286,
        285,
        288
      ],
      [
        154,
        4,
        286,
        285,
        290
      ],
      [
        155,
        4,
        286,
        285,
        389
      ],
      [
        156,
        4,
        288,
        285,
        290
      ],
      [
        157,
        4,
        288,
        285,
        389
      ],
      [
        158,
        4,
        290,
        285,
        389
      ],
      [
        159,
        5,
        285,
        290,
        291
      ],
      [
        242,
        5,
        285,
        286,
        287
      ],
      [
        243,
        5,
        285,
        288,
        289
      ]
    ]
  }
}